Country Name,Country Code,Indicator Name,Indicator Code,1960,1961,1962,1963,1964,1965,1966,1967,1968,1969,1970,1971,1972,1973,1974,1975,1976,1977,1978,1979,1980,1981,1982,1983,1984,1985,1986,1987,1988,1989,1990,1991,1992,1993,1994,1995,1996,1997,1998,1999,2000,2001,2002,2003,2004,2005,2006,2007,2008,2009,2010,2011,2012,2013,2014,2015,2016,2017,2018,2019,2020,2021,2022
Albania,ALB,"Population, total",SP.POP.TOTL,1608800,1659800,1711319,1762621,1814135,1864791,1914573,1965598,2022272,2081695,2135479,2187853,2243126,2296752,2350124,2404831,2458526,2513546,2566266,2617832,2671997,2726056,2784278,2843960,2904429,2964762,3022635,3083605,3142336,3227943,3286542,3266790,3247039,3227287,3207536,3187784,3168033,3148281,3128530,3108778,3089027,3060173,3051010,3039616,3026939,3011487,2992547,2970017,2947314,2927519,2913021,2905195,2900401,2895092,2889104,2880703,2876101,2873457,2866376,2854191,2837849,2811666,2777689
Andorra,AND,"Population, total",SP.POP.TOTL,9443,10216,11014,11839,12690,13563,14546,15745,17079,18449,19860,21322,22832,24393,26003,27640,29294,30949,32574,34142,35611,36987,38598,40432,42181,43809,45605,47635,49654,51639,53569,55434,57283,59156,61037,62928,64147,64682,65186,65655,66097,67820,70849,73907,76933,79826,80221,78168,76055,73852,71519,70567,71013,71367,71621,71746,72540,73837,75013,76343,77700,79034,79824
Arab World,ARB,"Population, total",SP.POP.TOTL,93359407,95760348,98268683,100892507,103618568,106444103,109394536,112499764,115729597,119061868,122475578,125979765,129605560,133384981,137372356,141756318,146815543,151960544,156741680,162014425,167707208,173118753,178587926,184342569,190162096,195956917,201916517,207894127,213455083,219021375,225923327,230837072,236598334,242994250,249596194,255803349,261953764,268158920,274376380,280650496,287065982,293512340,300018650,306573087,313249616,320558754,328703057,337498222,346630443,355754908,364427661,372351065,380383408,389131555,397922915,406501999,415077960,423664839,432545676,441467739,449228296,456520777,464684914
United Arab Emirates,ARE,"Population, total",SP.POP.TOTL,133426,140984,148877,157006,165305,173797,182509,191404,213582,253261,298084,344513,392368,441546,491955,543394,614177,706861,805231,908452,1014048,1100180,1167856,1237572,1308331,1379536,1468697,1575909,1683681,1791840,1900151,2008383,2116231,2223284,2329024,2433988,2572735,2746119,2921130,3097563,3275333,3454198,3633655,3813443,3993339,4280993,4898954,5872624,6988685,7992644,8481771,8575205,8664969,8751847,8835951,8916899,8994263,9068296,9140169,9211657,9287289,9365145,9441129
Argentina,ARG,"Population, total",SP.POP.TOTL,20349744,20680653,21020359,21364017,21708487,22053661,22403116,22757014,23112971,23472028,23842803,24223379,24612794,25020588,25449754,25875558,26290257,26713780,27146121,27584134,28024803,28471285,28922762,29377137,29832197,30287112,30748326,31216453,31690792,32165766,32637657,33105763,33568285,34027240,34488696,34946110,35389362,35815971,36233195,36653031,37070774,37480493,37885028,38278164,38668796,39070501,39476851,39876111,40273769,40684338,40788453,41261490,41733271,42202935,42669500,43131966,43590368,44044811,44494502,44938712,45376763,45808747,46234830
Armenia,ARM,"Population, total",SP.POP.TOTL,1904148,1971530,2039346,2106142,2171029,2234051,2295496,2355997,2416461,2476359,2534377,2590923,2648048,2706852,2767646,2830798,2896311,2965523,3038224,3097058,3135123,3167876,3202011,3238291,3272102,3300896,3327182,3351364,3366838,3448186,3556539,3617631,3574555,3457349,3373713,3322782,3298898,3271418,3240550,3206030,3168523,3133133,3105037,3084102,3065745,3047246,3026486,3004393,2983421,2964296,2946293,2928976,2914421,2901385,2889930,2878595,2865835,2851923,2836557,2820602,2805608,2790974,2780469
American Samoa,ASM,"Population, total",SP.POP.TOTL,20085,20626,21272,21949,22656,23391,24122,24848,25608,26396,27075,27593,28063,28529,29012,29573,30198,30816,31428,32045,32886,34059,35367,36735,38168,39663,41221,42842,44532,46288,47818,48992,50078,51174,52288,53401,54500,55578,56603,57594,58230,58324,58177,57941,57626,57254,56837,56383,55891,55366,54849,54310,53691,52995,52217,51368,50448,49463,48424,47321,46189,45035,44273
Antigua and Barbuda,ATG,"Population, total",SP.POP.TOTL,55342,56245,57008,57778,58664,59644,60615,61617,62658,63742,64517,64769,64695,64463,64218,64035,63990,64117,64329,64609,64889,65076,65231,65408,65362,65048,64712,64353,63982,63636,63328,63634,64659,65834,67072,68398,69798,71218,72572,73821,75055,76215,77195,78075,78941,79869,80895,82016,83251,84534,85695,86729,87674,88497,89236,89941,90564,91119,91626,92117,92664,93219,93763
Australia,AUS,"Population, total",SP.POP.TOTL,10276477,10483000,10742000,10950000,11167000,11388000,11651000,11799000,12009000,12263000,12507000,12937000,13177000,13380000,13723000,13893000,14033000,14192000,14358000,14514000,14692000,14923260,15184247,15393472,15579391,15788312,16018350,16263874,16532164,16814416,17065128,17284036,17478635,17634808,17805468,18004882,18224767,18423037,18607584,18812264,19028802,19274701,19495210,19720737,19932722,20176844,20450966,20827622,21249199,21691653,22031750,22340024,22733465,23128129,23475686,23815995,24190907,24592588,24963258,25334826,25649248,25685412,26005540
Austria,AUT,"Population, total",SP.POP.TOTL,7047539,7086299,7129864,7175811,7223801,7270889,7322066,7376998,7415403,7441055,7467086,7500482,7544201,7586115,7599038,7578903,7565525,7568430,7562305,7549425,7549433,7568710,7574140,7561910,7561434,7564985,7569794,7574586,7585317,7619567,7677850,7754891,7840709,7905633,7936118,7948278,7959017,7968041,7976789,7992324,8011566,8042293,8081957,8121423,8171966,8227829,8268641,8295487,8321496,8343323,8363404,8391643,8429991,8479823,8546356,8642699,8736668,8797566,8840521,8879920,8916864,8955797,9041851
Azerbaijan,AZE,"Population, total",SP.POP.TOTL,3894500,4045750,4168150,4293550,4439250,4574650,4708150,4832000,4948500,5063300,5172050,5282950,5391450,5493900,5594100,5689050,5781000,5876150,5976150,6071300,6160500,6257750,6357550,6459800,6567850,6670150,6770300,6875350,6974600,7076550,7175200,7271300,7382050,7494800,7596550,7684850,7763000,7838250,7913000,7982750,8048600,8111200,8171950,8234100,8306500,8391850,8484550,8581300,8763400,8947243,9054332,9173082,9295784,9416801,9535079,9649341,9757812,9854033,9939771,10024283,10093121,10137750,10141756
Burundi,BDI,"Population, total",SP.POP.TOTL,2746628,2815972,2887398,2948133,3033221,3118134,3193378,3274493,3352397,3424429,3497834,3582070,3579195,3571450,3660032,3749232,3830889,3927428,4039410,4137437,4312834,4490743,4602271,4726506,4842268,4948024,5041706,5157769,5271840,5373697,5483793,5594828,5743085,5555220,5586408,5932783,5930507,5923862,6035340,6180180,6307659,6465729,6648938,6860846,7120496,7388874,7658190,7944609,8278109,8709366,9126605,9455733,9795479,10149577,10494913,10727148,10903327,11155593,11493472,11874838,12220227,12551213,12889576
Belgium,BEL,"Population, total",SP.POP.TOTL,9153489,9183948,9220578,9289770,9378113,9463667,9527807,9580991,9618756,9646032,9655549,9673162,9711115,9741720,9772419,9800700,9818227,9830358,9839534,9848382,9859242,9858982,9856303,9855520,9855372,9858308,9861823,9870234,9901664,9937697,9967379,10004486,10045158,10084475,10115603,10136811,10156637,10181245,10203008,10226419,10251250,10286570,10332785,10376133,10421137,10478617,10547958,10625700,10709973,10796493,10895586,11038264,11106932,11159407,11209057,11274196,11331422,11375158,11427054,11488980,11538604,11586195,11685814
Benin,BEN,"Population, total",SP.POP.TOTL,2512284,2551216,2593302,2638082,2685619,2735843,2788642,2843739,2901218,2961166,3023443,3088381,3156408,3227380,3301276,3378703,3460329,3546454,3636927,3732394,3833939,3941569,4054385,4171526,4293070,4419552,4551382,4688787,4831624,4979680,5133419,5293046,5457778,5706181,5923394,6046511,6203860,6387026,6584183,6788589,6998023,7212041,7431783,7659208,7894554,8149419,8402631,8647761,8906469,9172514,9445710,9726380,10014078,10308730,10614844,10932783,11260085,11596779,11940683,12290444,12643123,12996895,13352864
Burkina Faso,BFA,"Population, total",SP.POP.TOTL,4783259,4852833,4924497,4998671,5076111,5157929,5242797,5330613,5422119,5515747,5611666,5707793,5805283,5907742,6018141,6138444,6269765,6416569,6577779,6749939,6932967,7123730,7321817,7531184,7751476,7979185,8207827,8434996,8663720,8895234,9131361,9365064,9598555,9840075,10091256,10353263,10621210,10897353,11201063,11533554,11882888,12249764,12632269,13030591,13445977,13876127,14316242,14757074,15197915,15650022,16116845,16602651,17113732,17636408,18169842,18718019,19275498,19835858,20392723,20951639,21522626,22100683,22673762
Bangladesh,BGD,"Population, total",SP.POP.TOTL,50396429,51882769,53461661,55094115,56774465,58500159,60265259,62104488,63995652,65866908,67541860,68376204,69346705,71144818,72947807,74700345,76380080,78137788,80007550,81908151,83929765,86154836,88555336,91045478,93534239,95959099,98271746,100490256,102688833,104893674,107147651,109242834,111272102,113418757,115614891,117793338,119876868,122039226,124350471,126754824,129193327,131670484,134139826,136503206,138789725,140912590,142628831,144135934,145421318,146706810,148391139,150211005,152090649,154030139,155961299,157830000,159784568,161793964,163683958,165516222,167420951,169356251,171186372
Bulgaria,BGR,"Population, total",SP.POP.TOTL,7867374,7943118,8012946,8078145,8144340,8204168,8258057,8310226,8369603,8434172,8489574,8536395,8576200,8620967,8678745,8720742,8758599,8804183,8814032,8825940,8861535,8891117,8917457,8939738,8960679,8960547,8958171,8971359,8981446,8876972,8718289,8632367,8540164,8472313,8443591,8406067,8362826,8312068,8256786,8210624,8170172,8009142,7837161,7775327,7716860,7658972,7601022,7545338,7492561,7444443,7395599,7348328,7305888,7265115,7223938,7177991,7127822,7075947,7025037,6975761,6934015,6877743,6465097
Bahrain,BHR,"Population, total",SP.POP.TOTL,160691,166970,173359,179891,186587,193012,199019,204916,210801,216696,222555,230992,243143,256632,270627,285116,300044,315337,330912,346697,362595,377430,391017,404772,419217,434375,450196,466565,483337,500349,517418,535415,554470,573755,593254,612934,632756,652643,672484,692133,711442,730257,748324,778256,833451,901921,970981,1040532,1110343,1179453,1213645,1212077,1224939,1261673,1311134,1362142,1409661,1456834,1487340,1494188,1477469,1463265,1472233
"Bahamas, The",BHS,"Population, total",SP.POP.TOTL,114500,120216,126305,132639,138785,144849,151323,158197,165456,172745,179129,184435,189181,193563,197767,201881,206096,210534,215016,219426,223752,227956,232177,236586,241166,245935,250804,255618,260452,265493,270679,276058,281973,288164,293997,299554,304933,310171,315398,320272,325014,329626,334002,338490,343089,347804,352664,357666,362795,368057,373272,377950,382061,385650,389131,392697,395976,399020,401906,404557,406471,407906,409984
Bosnia and Herzegovina,BIH,"Population, total",SP.POP.TOTL,3262539,3325333,3387512,3448532,3507959,3565517,3620849,3673367,3723067,3770376,3815561,3859242,3901895,3943152,3983063,4022090,4060039,4096516,4131521,4165511,4199820,4235970,4274013,4312521,4349597,4383306,4413374,4440300,4463320,4481230,4494310,4502386,4275730,3942981,3762330,3750527,3907751,4047748,4115059,4153014,4179350,4194932,4198410,4183757,4142860,4094297,4058086,4007876,3943392,3877750,3811088,3743142,3674374,3617559,3571068,3524324,3480986,3440027,3400129,3360711,3318407,3270943,3233526
Belarus,BLR,"Population, total",SP.POP.TOTL,8198000,8271216,8351928,8437232,8524224,8610000,8696496,8785648,8874552,8960304,9040000,9115576,9188968,9257272,9317584,9367000,9411000,9463000,9525000,9584000,9643000,9710000,9776000,9843000,9910000,9975000,10043000,10111000,10140000,10170000,10189348,10194050,10216470,10239050,10226955,10193831,10159569,10117433,10071963,10026738,9979610,9928549,9865548,9796749,9730146,9663915,9604924,9560953,9527985,9504583,9483836,9461643,9446836,9443211,9448515,9461076,9469379,9458989,9438785,9419758,9379952,9302585,9228071
Belize,BLZ,"Population, total",SP.POP.TOTL,91403,93757,96188,98862,101772,104838,108062,111411,114825,118145,120905,123091,125054,126875,128620,130801,133471,136183,138933,141823,145133,148764,152409,156053,159721,163436,167191,170980,174817,178695,182589,186462,190299,194177,198416,203556,209840,217117,224907,232733,240406,248100,255987,263998,272128,280375,288729,297173,305671,314171,322106,329538,337059,344688,352335,359871,367313,374693,382066,389095,394921,400031,405272
Bermuda,BMU,"Population, total",SP.POP.TOTL,44400,45500,46600,47700,48900,50100,51000,52000,53000,54000,55000,54600,54200,53800,53400,53000,53200,53400,53600,53800,54670,55050,55449,55930,56423,56898,57382,57849,58347,58841,59326,59021,58595,58910,59320,59746,60129,60497,60943,61285,61833,62504,62912,63325,63740,64154,64523,64888,65273,65636,65124,64564,64798,65001,65138,65237,64554,63873,63918,63911,63893,63764,63532
Bolivia,BOL,"Population, total",SP.POP.TOTL,3707515,3784744,3864140,3945729,4029472,4115511,4204065,4295269,4389249,4486098,4585693,4688267,4793804,4902248,5013765,5127776,5244355,5363917,5486132,5610380,5736088,5862990,5991118,6120620,6251926,6385630,6521983,6661434,6804072,6949139,7096194,7244891,7394419,7544489,7693722,7841471,7989367,8137619,8286928,8439052,8592656,8746084,8900583,9057378,9216279,9377388,9542663,9711152,9880593,10051317,10223270,10396246,10569697,10743349,10916987,11090085,11263015,11435533,11606905,11777315,11936162,12079472,12224110
Brazil,BRA,"Population, total",SP.POP.TOTL,73092515,75330008,77599218,79915555,82262794,84623747,86979283,89323288,91659246,94000381,96369875,98766288,101194394,103666904,106167372,108700515,111286504,113939886,116664382,119447303,122288383,125168060,128065095,130977370,133888775,136783180,139643355,142466264,145253973,148003411,150706446,153336445,155900790,158440875,160980472,163515328,166037122,168546707,171039804,173486281,175873720,178211881,180476685,182629278,184722043,186797334,188820682,190779453,192672317,194517549,196353492,198185302,199977707,201721767,203459650,205188205,206859578,208504960,210166592,211782878,213196304,214326223,215313498
Barbados,BRB,"Population, total",SP.POP.TOTL,232550,233698,234829,235875,236834,237694,238494,239238,239905,240594,241397,242350,243458,244643,245851,247090,248359,249663,251009,252334,253575,254684,255642,256505,257279,257911,258370,258654,258762,258759,258868,259402,260212,260995,261712,262303,262793,263224,263642,264170,264657,265377,266455,267499,268505,269477,270425,271444,272635,273791,274711,275486,276197,276865,277493,278083,278649,279187,279688,280180,280693,281200,281635
Brunei Darussalam,BRN,"Population, total",SP.POP.TOTL,85346,89561,93837,98277,102904,107686,112597,117628,122764,128012,133343,138666,143886,149065,154314,159653,165064,170560,176176,181951,187921,194099,200630,207523,214682,222119,229815,237712,245729,253821,261928,269860,277416,284713,291935,299097,306196,313215,320152,327045,333926,340748,347463,354045,360461,366717,372808,378748,384568,390311,396053,401506,406634,411702,416656,421437,425994,430276,434274,438048,441725,445373,449002
Bhutan,BTN,"Population, total",SP.POP.TOTL,221266,227071,233417,240268,247444,255010,262976,271339,280102,289296,298894,308837,319128,329800,340842,352269,364119,376387,389072,402063,415257,428641,442201,456033,470165,484528,499151,514026,529051,544209,558442,567710,545944,520838,521260,527536,537494,546865,557143,570990,587207,603234,619048,634627,649991,663323,673260,681614,689737,697678,705516,713331,721145,728889,736357,743274,749761,756121,762096,767459,772506,777486,782455
Botswana,BWA,"Population, total",SP.POP.TOTL,512865,524403,536428,549041,562274,570975,574855,578723,582655,586737,592244,604139,626601,657246,691569,727930,766424,806968,849394,893500,938578,982747,1023009,1060717,1099170,1138704,1179263,1220361,1261272,1301671,1341474,1380584,1420695,1462262,1503544,1543634,1582169,1619354,1655699,1691558,1726985,1761930,1795130,1826863,1859085,1892807,1928704,1966977,2007320,2048997,2091664,2134037,2175425,2217278,2260376,2305171,2352416,2401840,2451409,2499702,2546402,2588423,2630296
Central African Republic,CAF,"Population, total",SP.POP.TOTL,1679728,1710364,1742502,1776214,1811694,1849171,1888853,1930861,1975257,2021519,2067356,2111224,2153613,2195905,2239305,2283927,2318349,2342048,2365957,2390329,2415276,2441010,2467635,2495097,2523538,2553075,2583631,2615594,2657235,2724109,2809221,2898052,2991727,3089146,3187844,3276706,3363570,3458472,3555064,3655360,3759170,3844773,3930648,4026841,4115138,4208834,4294352,4375569,4467233,4564540,4660067,4732022,4773306,4802428,4798734,4819333,4904177,4996741,5094780,5209324,5343020,5457154,5579144
Canada,CAN,"Population, total",SP.POP.TOTL,17909356,18271000,18614000,18964000,19325000,19678000,20048000,20412000,20744000,21028000,21324000,21962032,22218463,22491777,22807969,23143275,23449808,23725843,23963203,24201544,24515667,24819915,25116942,25366451,25607053,25842116,26100278,26446601,26791747,27276781,27691138,28037420,28371264,28684764,29000663,29302311,29610218,29905948,30155173,30401286,30685730,31020902,31360079,31644028,31940655,32243753,32571174,32889025,33247118,33628895,34004889,34339328,34714222,35082954,35437435,35702908,36109487,36545236,37065084,37601230,38007166,38226498,38929902
Central Europe and the Baltics,CEB,"Population, total",SP.POP.TOTL,91401764,92232738,93009498,93840016,94715795,95440988,96146336,97043270,97884022,98606630,99134548,99635258,100357161,101112680,101939916,102860571,103776068,104616884,105329397,105948616,106541316,107129392,107730380,108297837,108838073,109338285,109824166,110296425,110686740,110801640,110743128,110469467,110111454,110041924,110021594,109864246,109626194,109422013,109238340,109060951,108447824,107660041,106959751,106624167,106331716,106041911,105772481,105378748,105001883,104800475,104421447,104174038,103935318,103713726,103496179,103257886,102994278,102740078,102538451,102398537,102180124,101413176,100108221
Switzerland,CHE,"Population, total",SP.POP.TOTL,5327827,5434294,5573815,5694247,5789228,5856472,5918002,5991785,6067714,6136387,6180877,6213399,6260956,6307347,6341405,6338632,6302504,6281174,6281738,6294365,6319408,6354074,6391309,6418773,6441865,6470365,6504124,6545106,6593386,6646912,6715519,6799978,6875364,6938265,6993795,7040687,7071850,7088906,7110001,7143991,7184250,7229854,7284753,7339001,7389625,7437115,7483934,7551117,7647675,7743831,7824909,7912398,7996861,8089346,8188649,8282396,8373338,8451840,8514329,8575280,8638167,8704546,8775760
Channel Islands,CHI,"Population, total",SP.POP.TOTL,109186,110225,111281,112410,113596,114832,116116,117430,118707,119884,121003,122162,123348,124465,125486,126393,127052,127425,127667,127850,127984,128510,129614,130881,132154,133450,134808,136264,137765,139228,140601,141557,142011,142291,142466,142559,142898,143549,144211,144811,145306,146044,147167,148341,149538,150763,151985,153225,154475,155721,156933,157819,158621,159794,160912,162190,163721,165215,167259,169410,171113,172683,174079
Chile,CHL,"Population, total",SP.POP.TOTL,8141820,8313535,8486120,8656006,8825046,8994936,9161649,9326268,9491502,9656299,9820481,9984378,10145765,10307842,10472743,10639531,10804869,10969861,11137748,11304331,11469828,11637613,11807408,11976513,12147758,12326396,12514502,12712784,12918389,13128619,13342868,13561945,13782297,13998386,14210674,14416796,14615483,14809289,14996742,15176410,15351799,15523978,15693790,15859112,16017966,16175311,16334575,16495538,16661462,16833447,17004162,17173573,17341771,17509925,17687108,17870124,18083879,18368577,18701450,19039485,19300315,19493184,19603733
China,CHN,"Population, total",SP.POP.TOTL,667070000,660330000,665770000,682335000,698355000,715185000,735400000,754550000,774510000,796025000,818315000,841105000,862030000,881940000,900350000,916395000,930685000,943455000,956165000,969005000,981235000,993885000,1008630000,1023310000,1036825000,1051040000,1066790000,1084035000,1101630000,1118650000,1135185000,1150780000,1164970000,1178440000,1191835000,1204855000,1217550000,1230075000,1241935000,1252735000,1262645000,1271850000,1280400000,1288400000,1296075000,1303720000,1311020000,1317885000,1324655000,1331260000,1337705000,1345035000,1354190000,1363240000,1371860000,1379860000,1387790000,1396215000,1402760000,1407745000,1411100000,1412360000,1412175000
Cote d'Ivoire,CIV,"Population, total",SP.POP.TOTL,3708661,3848336,3998287,4156453,4321368,4492890,4671196,4856689,5050106,5255149,5477086,5718867,5979984,6257373,6548923,6853981,7142690,7415900,7700816,7996368,8303810,8621621,8948119,9282050,9621405,9964075,10309440,10663498,11043193,11462943,11910540,12369269,12838314,13316448,13802285,14299727,14810946,15335453,15858990,16345894,16799670,17245468,17683897,18116451,18544903,18970215,19394057,19817700,20244449,20677762,21120042,21562914,22010712,22469268,22995555,23596741,24213622,24848016,25493988,26147551,26811790,27478249,28160542
Cameroon,CMR,"Population, total",SP.POP.TOTL,5117608,5200355,5303841,5427511,5556209,5690086,5829580,5975087,6127193,6286232,6452787,6627350,6809468,6998688,7194697,7397417,7598028,7796825,8013279,8243377,8519891,8829048,9046986,9240672,9508570,9804254,10112712,10433905,10759573,11089222,11430520,11777719,12128604,12486773,12848862,13211647,13575324,13941181,14314599,14698973,15091594,15493253,15914033,16354326,16809407,17275171,17751333,18251866,18777081,19319274,19878036,20448873,21032684,21632850,22299585,23012646,23711630,24393181,25076747,25782341,26491087,27198628,27914536
"Congo, Dem. Rep.",COD,"Population, total",SP.POP.TOTL,15276558,15673284,16086084,16517995,16965855,17438254,17941738,18472105,19022799,19583123,20151733,20712952,21273409,21853906,22448415,23052715,23655016,24256464,25015244,25902760,26708686,27457783,28219219,29005175,29879852,30800051,31725132,32712574,33750052,34825891,35987541,37194812,38332302,39580844,41511985,43285791,44118709,44822198,45895524,47227238,48616317,50106657,51662071,53205639,54815607,56550247,58381630,60289422,62249724,64270232,66391257,68654269,70997870,73460021,76035588,78656904,81430977,84283273,87087355,89906890,92853164,95894118,99010212
"Congo, Rep.",COG,"Population, total",SP.POP.TOTL,1055693,1083431,1112348,1142600,1174269,1207412,1242116,1278312,1316130,1355699,1396989,1440159,1485274,1532069,1580280,1624935,1665418,1706181,1747207,1788218,1829256,1870540,1911634,1951851,2001739,2062555,2124863,2188654,2253336,2319177,2385435,2452675,2520958,2594168,2669220,2742309,2816595,2875037,2937166,3016659,3134030,3254101,3331158,3424653,3543012,3672839,3813323,3956329,4089602,4257230,4437884,4584216,4713257,4828066,4944861,5064386,5186824,5312340,5441062,5570733,5702174,5835806,5970424
Colombia,COL,"Population, total",SP.POP.TOTL,15687688,16182414,16691282,17210956,17739754,18275814,18811407,19343961,19872503,20392264,20905254,21405413,21898055,22396318,22897871,23403731,23913002,24443926,25003608,25579323,26176195,26785982,27405194,28042329,28689032,29326260,29960101,30603048,31256727,31923117,32601393,33272628,33939039,34614735,35295461,35970101,36632573,37291946,37944414,38585033,39215135,39837875,40454050,41057687,41648268,42220940,42772910,43306582,43815313,44313917,44816108,45308899,45782417,46237930,46677947,47119728,47625955,48351671,49276961,50187406,50930662,51516562,51874024
Comoros,COM,"Population, total",SP.POP.TOTL,194852,198617,202527,206546,210665,214939,219369,224321,229971,236002,242351,249066,256187,263728,271719,280036,288810,298152,307938,318123,328328,337986,347053,356137,365664,375650,386068,396887,408070,419584,431119,442277,452990,463318,473478,483760,494288,505033,515959,526443,536758,547741,559047,570130,581154,592683,604658,616899,629470,642493,656024,670071,684553,699393,714612,730216,746232,761664,776313,790986,806166,821625,836774
Cabo Verde,CPV,"Population, total",SP.POP.TOTL,209849,214788,221484,228814,236362,244156,252238,260648,269408,278524,287262,293505,296818,299191,301682,304375,307015,309389,311685,313995,317234,321634,326319,330971,335473,339874,344271,348718,353233,358150,364563,372721,381947,391749,401655,411382,421007,430654,440214,449627,458251,465958,473231,480089,486583,492827,498884,504733,510336,515638,521212,527521,533864,539940,546076,552166,558394,564954,571202,577030,582640,587925,593149
Costa Rica,CRI,"Population, total",SP.POP.TOTL,1346302,1396138,1447037,1498647,1550661,1602736,1654619,1706062,1756333,1805968,1855697,1905486,1955547,2006247,2058235,2111850,2167544,2225630,2286210,2349258,2414303,2481334,2550780,2622532,2696200,2771463,2847849,2924595,3001461,3079001,3158253,3239414,3321939,3405372,3489152,3572856,3656234,3739421,3821421,3901430,3979193,4053222,4122623,4188610,4252800,4315887,4378172,4440019,4501921,4563127,4622252,4679926,4736593,4791535,4844288,4895242,4945205,4993842,5040734,5084532,5123105,5153957,5180829
Caribbean small states,CSS,"Population, total",SP.POP.TOTL,4209141,4289429,4366420,4443544,4520592,4596245,4670465,4743053,4813958,4883868,4953314,5023876,5090052,5150123,5208944,5266374,5322281,5377263,5432222,5486916,5544061,5604584,5666254,5727558,5785882,5841960,5894393,5939439,5980371,6020383,6057836,6100213,6152432,6206775,6261744,6319517,6376465,6430969,6484492,6535399,6582141,6626803,6671842,6716747,6760372,6802474,6844183,6884705,6923924,6964240,7004428,7044357,7088996,7135884,7181044,7224602,7265272,7303634,7374650,7424102,7444768,7481877,7505478
Cuba,CUB,"Population, total",SP.POP.TOTL,7267395,7418518,7574265,7736352,7902286,8067651,8230450,8390962,8550286,8709654,8869636,9025709,9169289,9297924,9413105,9514305,9600862,9672546,9729986,9774711,9809107,9848560,9908874,9984591,10065539,10149044,10235480,10326910,10425433,10527187,10626680,10713812,10783748,10840934,10887207,10926703,10963031,10998129,11033758,11070094,11105791,11139127,11170051,11199217,11225294,11246114,11260630,11269887,11276609,11283185,11290417,11298710,11309290,11321579,11332026,11339894,11342012,11336405,11328244,11316697,11300698,11256372,11212191
Curacao,CUW,"Population, total",SP.POP.TOTL,124826,126125,128414,130860,133148,135266,136682,138140,140298,142581,144739,147389,147710,146912,148351,149129,149399,149459,148341,147851,148041,148629,150101,151159,151940,152711,152662,151456,149254,146937,145400,144403,143912,144299,144630,145139,146306,146956,144472,139428,133860,129047,129205,131897,134192,137658,141239,144056,145880,146833,148703,150831,152088,153822,155909,157980,159664,160175,159336,157441,154947,152369,149996
Cayman Islands,CYM,"Population, total",SP.POP.TOTL,8473,8626,8799,8985,9172,9366,9566,9771,9981,10181,10533,11117,11778,12443,13118,13791,14456,15116,15746,16378,17100,17904,18729,19572,20433,21313,22195,23075,23956,24888,26027,27340,28677,30038,31418,32802,34194,35579,36947,38295,39658,41054,42456,43862,45286,46727,48177,49647,51123,52602,54074,55492,56860,58212,59559,60911,62255,63581,64884,66134,67311,68136,68706
Cyprus,CYP,"Population, total",SP.POP.TOTL,585725,594771,601095,607072,612338,617345,622566,627695,632452,636821,640804,644413,647620,650705,648585,644982,648868,656414,663975,671611,679327,687170,696227,707477,719678,731664,743446,755021,766412,777592,788500,799061,810431,825986,844444,862418,880058,897471,914660,931600,948237,964830,982194,1000350,1018684,1037062,1055438,1073873,1092390,1110974,1129686,1145086,1156556,1166968,1176995,1187280,1197881,1208523,1218831,1228836,1237537,1244188,1251488
Czechia,CZE,"Population, total",SP.POP.TOTL,9602006,9586651,9624660,9670685,9727804,9779358,9821040,9852899,9876346,9896580,9858071,9826815,9867632,9922266,9988459,10058620,10125939,10186755,10242098,10292341,10304193,10300591,10314826,10323856,10330213,10337118,10342227,10347318,10355276,10361068,10333355,10308578,10319123,10329855,10333587,10327253,10315241,10304131,10294373,10283860,10255063,10216605,10196916,10193998,10197101,10211216,10238905,10298828,10384603,10443936,10474410,10496088,10510785,10514272,10525347,10546059,10566332,10594438,10629928,10671870,10697858,10505772,10672118
Germany,DEU,"Population, total",SP.POP.TOTL,72814900,73377632,74025784,74714353,75318337,75963695,76600311,76951336,77294314,77909682,78169289,78312842,78688452,78936666,78967433,78673554,78336950,78159814,78091820,78126350,78288576,78407907,78333366,78128282,77858685,77684873,77720436,77839920,78144619,78751283,79433029,80013896,80624598,81156363,81438348,81678051,81914831,82034771,82047195,82100243,82211508,82349925,82488495,82534176,82516260,82469422,82376451,82266372,82110097,81902307,81776930,80274983,80425823,80645605,80982500,81686611,82348669,82657002,82905782,83092962,83160871,83196078,83797985
Djibouti,DJI,"Population, total",SP.POP.TOTL,85940,89270,93122,97670,102945,108772,114874,121168,127668,135390,144379,154225,165234,177327,191389,208582,229304,253083,278425,302856,324121,341316,355110,367726,382156,400709,424286,452272,482337,521104,577173,628521,623197,611231,623477,629619,644649,667786,694920,719371,742033,765490,789129,806411,818373,830861,846947,865196,882886,901103,919199,936811,954297,971753,989087,1006259,1023261,1040233,1057198,1073994,1090156,1105557,1120849
Dominica,DMA,"Population, total",SP.POP.TOTL,59379,60395,61224,62031,62843,63744,64728,65760,66865,68007,68895,69430,69870,70334,70822,71300,71748,72142,72478,72768,72978,72932,72626,72269,71936,71596,71215,70808,70397,69975,69481,69141,69112,69169,69198,69201,69166,69081,68938,68698,68346,68153,68262,68442,68574,68674,68742,68775,68782,68787,68755,68742,68888,68819,69371,70007,70075,70403,70823,71428,71995,72412,72737
Denmark,DNK,"Population, total",SP.POP.TOTL,4579603,4611687,4647727,4684483,4722072,4759012,4797381,4835354,4864883,4891860,4928757,4963126,4991596,5021861,5045297,5059862,5072596,5088419,5104248,5116801,5123027,5121572,5117810,5114297,5111619,5113691,5120534,5127024,5129516,5132594,5140939,5154298,5171370,5188628,5206180,5233373,5263074,5284991,5304219,5321799,5339616,5358783,5375931,5390574,5404523,5419432,5437272,5461438,5493621,5523095,5547683,5570572,5591572,5614932,5643475,5683483,5728010,5764980,5793636,5814422,5831404,5856733,5903037
Dominican Republic,DOM,"Population, total",SP.POP.TOTL,3298021,3408415,3521164,3635798,3752313,3868712,3987090,4108916,4230877,4352954,4475871,4599841,4724801,4851183,4978582,5106453,5235318,5365074,5495443,5625864,5755800,5885244,6014979,6147213,6282104,6417798,6554325,6692720,6834207,6980033,7129004,7278402,7427340,7576074,7723934,7869753,8012314,8150076,8282126,8411374,8540791,8669040,8795101,8919852,9043127,9164768,9284168,9402206,9522948,9648061,9775755,9903737,10030882,10157051,10282115,10405832,10527592,10647244,10765531,10881882,10999664,11117873,11228821
Algeria,DZA,"Population, total",SP.POP.TOTL,11394307,11598608,11778260,11969451,12179099,12381256,12613389,12897115,13190975,13491016,13795915,14110271,14439748,14786469,15153602,15724692,16500516,17134192,17632645,18166981,18739378,19351357,20000096,20682111,21393530,22132905,22882553,23586101,24243018,24889507,25518074,26133905,26748303,27354327,27937006,28478022,28984634,29476031,29924668,30346083,30774621,31200985,31624696,32055883,32510186,32956690,33435080,33983827,34569592,35196037,35856344,36543541,37260563,38000626,38760168,39543154,40339329,41136546,41927007,42705368,43451666,44177969,44903225
East Asia & Pacific (excluding high income),EAP,"Population, total",SP.POP.TOTL,896462247,895992255,907858935,931114057,953987755,977493628,1004333893,1030453856,1057594845,1086458654,1116182140,1146525253,1175156192,1202812613,1228909243,1252485369,1274263611,1294858852,1315761974,1336893795,1357581175,1378941521,1402554740,1426256004,1448880261,1472149294,1496890002,1523099223,1549652503,1575650445,1601237332,1625903768,1649253074,1671947065,1694420555,1716327374,1737860521,1759221230,1779787562,1799013672,1817006555,1834101877,1850472928,1866240858,1881561559,1896788261,1911721676,1926306467,1940768141,1955042105,1969186913,1984267781,2001264155,2018068461,2034264880,2049757846,2065173002,2080919319,2094524854,2106391925,2116378687,2123628421,2129112126
East Asia & Pacific,EAS,"Population, total",SP.POP.TOTL,1043333636,1045203037,1059600211,1085398906,1110819272,1136927045,1166227679,1194567141,1224255729,1255933616,1288490485,1322732627,1354211283,1384704173,1413718269,1439944265,1464087148,1486953865,1510060320,1533514709,1556403010,1580048609,1605925794,1631735726,1656258164,1681267266,1707611028,1735427884,1763555005,1791156275,1818247576,1844603995,1869453624,1893594516,1917553356,1940892820,1964042971,1986768093,2008680261,2028993034,2048148696,2066530023,2083969920,2100610344,2116651449,2132517760,2148405823,2164155292,2179914111,2195169711,2210203758,2225992094,2243776727,2261274500,2278232287,2294507020,2310721864,2327132966,2341383691,2353856866,2363934334,2370189840,2375162207
Europe & Central Asia (excluding high income),ECA,"Population, total",SP.POP.TOTL,255726092,259951519,264183560,268409373,272634858,276765568,280229181,283724914,287193204,290573749,293778738,296973298,300232316,303473218,306715687,309908273,313279489,316709884,320113560,323503833,326937470,330361478,333758267,337282816,341087935,344882487,348685710,352545820,356321047,359435266,361859039,364392348,366266798,367513928,368354275,368905312,369661127,370276347,370591102,370546751,370646199,370739184,370807684,371072025,371533136,372077135,372780224,373485209,375012208,376867673,379079046,381328678,383374474,385623200,387912182,390267733,392579664,394705361,396674671,398690076,400061023,401682855,397824705
Europe & Central Asia,ECS,"Population, total",SP.POP.TOTL,666273660,673957844,681809362,689682704,697559598,705233118,712077088,718884137,725451120,731787358,737398504,742959749,749086046,755000965,760680926,766169722,771592697,776918691,782220413,787502492,792890531,798088129,802876253,807523838,812373901,817313920,822429830,827666924,832965846,837807042,842030509,846364518,849816712,852735458,854892657,856511549,858209225,859711482,860876126,861848594,862786211,863909133,865474170,867701442,870270838,872913705,875627934,878456268,882088404,885659803,889169629,891329416,894660467,898607432,902670860,906695444,910633273,914078289,917380453,920277481,922353365,923564027,920375568
Ecuador,ECU,"Population, total",SP.POP.TOTL,4618158,4751507,4890425,5034334,5183283,5337351,5495761,5658446,5825663,5997037,6172215,6350944,6533630,6720443,6911123,7105786,7304349,7506665,7712718,7922490,8135845,8352602,8572607,8795873,9022979,9254311,9490096,9729376,9969788,10210185,10449837,10686279,10914222,11132829,11347652,11561683,11775221,11987838,12199693,12412046,12626507,12845521,13070609,13301184,13534593,13770012,14009061,14251835,14496797,14742766,14989585,15237728,15483883,15722989,15957994,16195902,16439585,16696944,17015672,17343740,17588595,17797737,18001000
"Egypt, Arab Rep.",EGY,"Population, total",SP.POP.TOTL,27034499,27747867,28485022,29245936,30026648,30818469,31613132,32408414,33204629,33995955,34781986,35555969,36330768,37120776,37930374,38775584,39649050,40577356,41576636,42632458,43748556,44899573,46088647,47353665,48676443,50035843,51424313,52841319,54298446,55765843,57214630,58611032,59989142,61382200,62775847,64166908,65565195,66993728,68446011,69907887,71371371,72854261,74393759,75963322,77522427,79075310,80629670,82218755,83844783,85501064,87252413,89200054,91240376,93377890,95592324,97723799,99784030,101789386,103740765,105618671,107465134,109262178,110990103
Euro area,EMU,"Population, total",SP.POP.TOTL,265244987,267560575,269908375,272291865,274700502,277152064,279493076,281569488,283541878,285520189,287132409,288760854,290738967,292589758,294228495,295703101,296989401,298187020,299437892,300714553,302069207,303281880,304153938,304769779,305259133,305820205,306560814,307385781,308391957,309690207,311093477,312722340,314170604,315455737,316374506,317190243,318013083,318773136,319446441,320272154,321324622,322562386,324141533,325904835,327702192,329398861,330939600,332660837,334290264,335377620,336171621,335442349,336183135,337328817,338486932,339514675,340509447,341246081,342065158,342452734,342913447,343063979,344475911
Eritrea,ERI,"Population, total",SP.POP.TOTL,993568,1016932,1041552,1067295,1094042,1121739,1150264,1179554,1209602,1240562,1272748,1306234,1340838,1376516,1413220,1450867,1489656,1529802,1571193,1613829,1657982,1703789,1751045,1799814,1849594,1899243,1949611,2000355,2051546,2102131,2149960,2039220,1921153,1981419,2042500,2157220,2264073,2291561,2322753,2356477,2392880,2461927,2547424,2653390,2763140,2831732,2880093,2926168,3005779,3083888,3147727,3207570,3252596,3296367,3323425,3340006,3365287,3396933,3445374,3498818,3555868,3620312,3684032
Spain,ESP,"Population, total",SP.POP.TOTL,30455000,30739250,31023366,31296651,31609195,31954292,32283194,32682947,33113134,33441054,33814531,34224490,34604469,34988947,35373335,35757900,36137812,36511638,36864898,37191330,37491165,37758631,37986012,38171525,38330364,38469512,38584624,38684815,38766939,38827764,38867322,38966376,39157685,39361262,39549108,39724050,39889852,40057389,40223509,40386875,40567864,40850412,41431558,42187645,42921895,43653155,44397319,45226803,45954106,46362946,46576897,46742697,46773055,46620045,46480882,46444832,46484062,46593236,46797754,47134837,47365655,47415794,47778340
Estonia,EST,"Population, total",SP.POP.TOTL,1211537,1225077,1241623,1258857,1277086,1294566,1308597,1318946,1331214,1345249,1360076,1376955,1392518,1405951,1418169,1429352,1439576,1450211,1460188,1468333,1477219,1487666,1498414,1508745,1518617,1528781,1540190,1552221,1561900,1568131,1569174,1561314,1533091,1494128,1462514,1436634,1415594,1399535,1386156,1390244,1396985,1388115,1379350,1370720,1362550,1354775,1346810,1340680,1337090,1334515,1331475,1327439,1322696,1317997,1314545,1315407,1315790,1317384,1321977,1326898,1329522,1330932,1348840
Ethiopia,ETH,"Population, total",SP.POP.TOTL,21739710,22281675,22852158,23448979,24073696,24727506,25377645,26051596,26778653,27530388,28308246,29099594,29891328,30694316,31488613,32252783,33062216,33695018,34259065,34758823,34945469,35818844,37213393,38235187,39202890,40285965,41455309,42851957,44511537,46195954,47878073,49937430,52011554,53791672,55620211,57476536,59347649,61233480,63136493,65077579,67031867,69018932,71073215,73168838,75301026,77469940,79691050,81996185,84357105,86755585,89237791,91817929,94451280,97084366,99746766,102471895,105293228,108197950,111129438,114120594,117190911,120283026,123379924
European Union,EUU,"Population, total",SP.POP.TOTL,356947129,359937892,362998792,366152978,369387359,372533839,375563155,378512582,381280912,383958527,386116472,388229403,390859355,393386261,395778659,398096151,400211366,402170665,404056840,405879948,407760829,409490677,410875285,411956706,412891310,413866961,414996545,416199247,417528527,418925771,420308868,421744728,422972438,424347768,425406851,426212138,426906931,427549432,428122323,428828749,429342455,429910140,430898141,432434810,434059923,435600393,437014860,438484072,439892213,440934530,441552554,440769682,441419873,442496175,443601373,444570054,445515422,446215182,447001100,447367191,447692315,447178112,447370510
Fragile and conflict affected situations,FCS,"Population, total",SP.POP.TOTL,245011384,250272662,255747541,261378272,267180143,273124351,279159120,285348867,291730814,298251790,304912795,311811738,318912229,326245504,333958141,341954459,350470843,359057264,367505626,376328233,384851768,392898821,401556230,410791308,420442959,430359853,440195317,450167244,460110602,470589503,483047361,493847579,506292313,519880341,534413493,548545703,560925893,573118372,585815261,599148682,612628069,626414685,641818620,658026690,674005044,690401342,707149927,723853346,741306396,759795159,778717407,797785010,817412582,837410155,857018106,876436311,896272698,916427867,936721531,957785553,979763631,1001844479,1019139254
Finland,FIN,"Population, total",SP.POP.TOTL,4429634,4461005,4491443,4523309,4548543,4563732,4580869,4605744,4626469,4623785,4606307,4612124,4639657,4666081,4690574,4711440,4725664,4738902,4752528,4764690,4779535,4799964,4826933,4855787,4881803,4902206,4918154,4932123,4946481,4964371,4986431,5013740,5041992,5066447,5088333,5107790,5124573,5139835,5153498,5165474,5176209,5188008,5200598,5213014,5228172,5246096,5266268,5288720,5313399,5338871,5363352,5388272,5413971,5438972,5461512,5479531,5495303,5508214,5515525,5521606,5529543,5541017,5556106
Fiji,FJI,"Population, total",SP.POP.TOTL,401841,414534,427695,441385,455214,469010,482358,494632,505979,516952,527634,538000,547918,557244,566296,575804,586607,599289,613611,628859,644582,660630,676967,693593,710561,727461,742658,754778,764370,772704,780430,784832,786859,789198,790803,792246,796538,804572,813947,823422,832509,841320,849891,858306,866694,874923,883083,890648,896731,901383,905169,908355,911059,913453,915560,917200,918371,919019,918996,918465,920422,924610,929766
France,FRA,"Population, total",SP.POP.TOTL,46649927,47161641,47679792,48189939,48733997,49282756,49817041,50334012,50817020,51272683,51724116,52185222,52637888,53053660,53415250,53715733,53966558,54221988,54486195,54753575,55052582,55371044,55694106,55992656,56275701,56569195,56865193,57168409,57472651,57766282,58044701,58557577,58849943,59106166,59327585,59543659,59756533,59969944,60192790,60504420,60921384,61367388,61816234,62256970,62716306,63188395,63628261,64021737,64379696,64710879,65030575,65345233,65662240,66002289,66312067,66548272,66724104,66918020,67158348,67388001,67571107,67764304,67971311
Faroe Islands,FRO,"Population, total",SP.POP.TOTL,34154,34572,34963,35385,35841,36346,36825,37234,37630,38011,38416,38861,39304,39746,40189,40626,41054,41481,41965,42506,43054,43613,44164,44669,45135,45575,46011,46477,46959,47490,47479,46810,46005,45096,44131,43805,44138,44495,44865,45203,45660,46245,46813,47392,47989,48291,48313,48361,48411,48429,48410,48386,48392,48418,48465,48816,49500,50230,50955,51681,52415,52889,53090
"Micronesia, Fed. Sts.",FSM,"Population, total",SP.POP.TOTL,42986,44563,46200,47758,49231,50759,52346,53940,55553,57236,58989,60673,62265,63889,65552,67121,68602,70144,71983,74114,76299,78531,80816,83153,85543,87966,90397,92845,94987,96796,98603,100427,102893,106030,108844,110328,110785,111133,111406,111539,111709,111948,111992,111805,111438,110940,110301,109532,108704,107868,107588,107887,108232,108609,109024,109462,109925,110430,110929,111379,112106,113131,114164
Gabon,GAB,"Population, total",SP.POP.TOTL,513340,519329,525754,532592,539830,547535,555748,564436,573611,584628,597192,609693,622289,635288,648922,663340,678660,694931,712135,730188,749078,768904,789585,811098,833417,856482,880340,905016,930464,956509,983028,1009995,1037446,1065390,1093611,1121964,1150601,1179806,1209832,1240764,1272935,1306590,1341696,1378398,1417110,1458353,1502534,1549774,1599978,1653542,1711105,1772500,1836705,1902226,1966855,2028517,2086206,2140215,2192012,2242785,2292573,2341179,2388992
United Kingdom,GBR,"Population, total",SP.POP.TOTL,52400000,52800000,53250000,53650000,54000000,54348050,54648500,54943600,55211700,55441750,55663250,55896223,56086065,56194527,56229974,56225800,56211968,56193492,56196504,56246951,56314216,56333829,56313641,56332848,56422072,56550268,56681396,56802050,56928327,57076711,57247586,57424897,57580402,57718614,57865745,58019030,58166950,58316954,58487141,58682466,58892514,59119673,59370479,59647577,59987905,60401206,60846820,61322463,61806995,62276270,62766365,63258810,63700215,64128273,64602298,65116219,65611593,66058859,66460344,66836327,67081234,67026292,66971395
Georgia,GEO,"Population, total",SP.POP.TOTL,3645600,3703600,3760300,3816100,3870300,3921600,3966700,4005800,4042300,4080300,4119900,4163000,4205300,4242500,4279500,4311200,4342400,4372100,4397700,4430200,4467700,4504500,4542800,4582900,4622200,4662900,4704500,4743500,4790700,4803300,4802000,4835900,4873500,4911100,4836076,4657722,4491699,4349913,4243607,4157192,4077131,4014373,3978515,3951736,3927340,3902469,3880347,3860158,3848449,3814419,3786695,3756441,3728874,3717668,3719414,3725276,3727505,3728004,3726549,3720161,3722716,3708610,3712502
Ghana,GHA,"Population, total",SP.POP.TOTL,6911510,7109029,7281192,7458243,7640196,7827726,8019658,8216086,8418152,8629855,8861895,9108878,9365952,9637197,9918979,10209848,10509006,10825496,11163230,11515675,11865246,12212960,12584976,12984131,13342487,13651443,13971682,14310790,14671677,15052447,15446982,15843471,16241548,16643633,17040854,17438874,17844010,18268040,18714708,19176791,19665502,20195577,20758326,21329514,21906444,22496951,23098586,23708320,24326087,24950762,25574719,26205941,26858762,27525597,28196358,28870939,29554303,30222262,30870641,31522290,32180401,32833031,33475870
Gibraltar,GIB,"Population, total",SP.POP.TOTL,21822,21907,22249,22796,23347,23910,24477,25047,25610,26162,26685,27069,27323,27558,27779,27973,28162,28337,28485,28618,28734,28819,28863,28855,28788,28674,28506,28272,28000,27688,27317,26988,26945,27118,27282,27412,27491,27564,27636,27695,27741,27721,27892,28301,28716,29155,29587,29996,30398,30819,31262,31701,32160,32411,32452,32520,32565,32602,32648,32685,32709,32669,32649
Guinea,GIN,"Population, total",SP.POP.TOTL,3516814,3578631,3642324,3707945,3775510,3845074,3916780,3990760,4067333,4145194,4222374,4298087,4372212,4445207,4517073,4588006,4658743,4730375,4804926,4885199,4972609,5067427,5170731,5282274,5402084,5531661,5671380,5820774,5977175,6136166,6354145,6615734,6832195,7046097,7262112,7468347,7683115,7842806,7992545,8174897,8336967,8445717,8577790,8772254,8961039,9140114,9330625,9547082,9779785,10021323,10270728,10527712,10788692,11055430,11333365,11625998,11930985,12240789,12554864,12877539,13205153,13531906,13859341
"Gambia, The",GMB,"Population, total",SP.POP.TOTL,399649,410801,422310,434173,446375,458908,471753,485132,499151,513686,528731,544317,560553,577488,594904,612909,631894,651934,672974,695155,718586,742846,768272,795563,824798,855958,888980,923914,960837,999732,1040616,1083536,1127152,1168309,1205882,1242155,1279070,1317002,1356189,1396499,1437539,1479449,1522223,1566257,1612225,1660368,1711294,1764883,1820542,1878119,1937275,1998212,2061014,2124869,2189019,2253133,2317206,2381182,2444916,2508883,2573995,2639916,2705992
Guinea-Bissau,GNB,"Population, total",SP.POP.TOTL,577933,583107,590399,595802,590481,577638,570375,573380,583475,587880,591663,594501,595950,603203,623576,659635,701016,746588,794328,821598,831462,844957,858630,872394,886210,900088,914122,928408,943080,958239,973551,993856,1022904,1056761,1089617,1117222,1140604,1162443,1184071,1206474,1230849,1257380,1285678,1315653,1347009,1379713,1414091,1450572,1488431,1527196,1567220,1609017,1652717,1697753,1743309,1788919,1834552,1879826,1924955,1970457,2015828,2060721,2105566
Equatorial Guinea,GNQ,"Population, total",SP.POP.TOTL,267351,272264,277490,283018,288852,295010,301517,308374,315325,318846,316955,311952,305362,298050,290558,283262,276000,271377,270866,273925,282509,296950,315741,336744,357995,378379,397276,414769,431587,448420,465549,483142,501334,520236,539992,560740,582573,605570,629734,655029,684977,719270,754115,789681,826355,864726,905418,948814,994971,1043686,1094524,1144588,1193636,1243941,1295183,1346973,1398927,1450694,1502091,1553031,1596049,1634466,1674908
Greece,GRC,"Population, total",SP.POP.TOTL,8331725,8398050,8448233,8479625,8510429,8550333,8613651,8684088,8740765,8772764,8792806,8831036,8888628,8929086,8962022,9046541,9188150,9308479,9429959,9548258,9642505,9729350,9789513,9846627,9895801,9934300,9967213,10000595,10036983,10089498,10196792,10319927,10399061,10460415,10512922,10562153,10608800,10661259,10720509,10761698,10805808,10862132,10902022,10928070,10955141,10987314,11020362,11048473,11077841,11107017,11121341,11104899,11045011,10965211,10892413,10820883,10775971,10754679,10732882,10721582,10698599,10569207,10426919
Grenada,GRD,"Population, total",SP.POP.TOTL,93772,95096,96052,96882,97613,98226,98692,98977,99056,98975,98794,98535,98225,97886,97528,97165,96781,96329,95811,95242,94838,95222,96534,98177,99618,100576,100893,100599,99877,99224,99047,99758,101040,102173,103174,104060,104846,105549,106200,106823,107432,107936,108231,108740,109516,110254,110988,111725,112478,113249,114039,114918,115912,116945,117972,118980,119966,120921,121838,122724,123663,124610,125438
Greenland,GRL,"Population, total",SP.POP.TOTL,32500,33700,35000,36400,37600,39200,40500,41900,43400,44900,46400,47200,48300,49000,49500,49600,49700,49400,49200,49600,50200,51000,51500,52100,52700,53200,53500,54100,54800,55300,55600,55500,55300,55200,55500,55800,55900,56000,56100,56100,56200,56350,56609,56765,56911,56935,56774,56555,56328,56323,56905,56890,56810,56483,56295,56114,56186,56172,56023,56225,56367,56653,56661
Guatemala,GTM,"Population, total",SP.POP.TOTL,4128880,4251911,4378604,4508444,4640795,4774984,4910790,5047435,5184095,5320100,5455197,5589563,5723759,5858466,5994300,6131151,6269983,6412667,6561919,6720582,6890346,7071186,7262658,7462585,7669863,7884034,8104921,8332446,8566331,8805995,9050115,9296814,9544055,9790619,10037522,10286786,10536942,10788362,11046215,11311078,11589761,11871565,12147518,12415334,12682108,12948292,13213330,13477017,13739299,14000190,14259687,14521515,14781942,15043981,15306316,15567419,15827690,16087418,16346950,16604026,16858333,17109746,17357886
Guam,GUM,"Population, total",SP.POP.TOTL,72374,73873,75412,76996,78621,80255,81879,83480,85046,86534,88300,90505,92815,95100,97329,99478,101590,103676,105710,107790,110286,113221,116189,119067,121885,124675,127462,130259,133079,135759,138263,140739,143173,145541,147843,150094,152261,154330,156357,158395,160188,161524,162563,163385,164004,164430,164675,164763,164725,164580,164905,165649,166392,167054,167543,167978,168346,168606,168678,168624,169231,170534,171774
Guyana,GUY,"Population, total",SP.POP.TOTL,571990,588597,604833,620703,635957,650207,663241,675064,685887,695919,705261,713904,721994,729865,737701,745590,753553,761378,768609,774482,778176,779686,779639,778372,776007,772671,768508,763706,758450,752897,747116,744096,744998,747189,749546,751689,753571,755211,756697,758014,759051,759809,760323,760562,760424,759709,758367,756521,754150,751258,747932,744230,743966,747420,751115,755031,759087,763252,785514,798753,797202,804567,808726
High income,HIC,"Population, total",SP.POP.TOTL,780138593,789918790,799922883,809831666,819716063,829301955,838420656,847172799,855824550,864581951,873281935,883628458,892701235,901467097,910065838,918459692,926268687,933977783,941758606,949816222,957608950,965344988,972633145,979407389,985784657,992224395,998874393,1005670379,1012656998,1020150995,1027500717,1035875187,1044477102,1052626906,1060148248,1067301466,1074550287,1081668120,1088601219,1095437130,1102139639,1108870086,1115681856,1122515138,1129571825,1136981371,1145510251,1154791752,1164409232,1173066945,1180459116,1185474102,1192042103,1198818424,1205686277,1212444178,1219354936,1225544265,1231508785,1236709936,1241718902,1241268556,1244364814
"Hong Kong SAR, China",HKG,"Population, total",SP.POP.TOTL,3114671,3168100,3305200,3420900,3504600,3597900,3629900,3722800,3802700,3863900,3959000,4045300,4123600,4241600,4377800,4461600,4518000,4583700,4667500,4929700,5063100,5183400,5264500,5345100,5397900,5456200,5524600,5580500,5627600,5686200,5704500,5752000,5800500,5901000,6035400,6156100,6435500,6489300,6543700,6606500,6665000,6714300,6744100,6730800,6783500,6813200,6857100,6916300,6957800,6972800,7024200,7071600,7150100,7178900,7229500,7291300,7336600,7393200,7452600,7507900,7481000,7413100,7346100
Honduras,HND,"Population, total",SP.POP.TOTL,2078617,2139928,2202854,2267708,2334492,2403465,2474523,2547497,2622982,2701381,2782753,2867501,2956021,3046715,3136539,3231631,3334814,3441122,3550368,3662736,3777990,3895736,4015647,4137784,4261919,4387693,4515568,4645733,4778114,4913676,5053234,5196887,5344774,5496841,5652934,5812832,5976550,6144112,6308537,6477365,6656725,6837861,7019908,7201881,7383407,7564613,7745200,7924462,8101777,8277302,8450933,8622504,8792367,8960657,9127846,9294505,9460798,9626842,9792850,9958829,10121763,10278345,10432860
Heavily indebted poor countries (HIPC),HPC,"Population, total",SP.POP.TOTL,163453961,167427839,171555341,175832578,180294830,184949176,189744990,194742549,199980949,205388448,210973069,216706865,222495959,228507880,234861273,241415576,248105304,254798463,262035002,269571043,276049311,282020641,289043160,296920640,305097813,313452117,321846502,330566338,339527267,348860257,358121820,367531126,378502714,390576688,402287229,413913354,425839678,437721228,449883034,462533086,475127894,488040621,502494432,517663749,532571131,547936900,563930944,579864063,596301357,613535903,630953183,648927117,667520863,686620331,706617213,727129254,748356635,770390212,792615894,815100831,838066650,861156745,884288332
Croatia,HRV,"Population, total",SP.POP.TOTL,4140181,4167292,4196712,4225675,4252876,4280923,4310701,4338683,4365628,4391490,4412252,4431275,4450564,4470161,4490660,4512082,4535934,4559571,4581085,4594778,4599782,4611509,4634234,4658254,4680285,4701417,4721446,4739745,4755207,4767260,4777368,4689022,4575818,4600463,4652024,4620030,4557097,4534920,4532135,4512597,4468302,4299642,4302174,4303399,4304600,4310145,4311159,4310217,4309705,4305181,4295427,4280622,4267558,4255689,4238389,4203604,4174349,4124531,4087843,4065253,4047680,3879000,3855600
Haiti,HTI,"Population, total",SP.POP.TOTL,3901139,3974934,4049504,4122260,4196349,4274348,4352949,4432716,4514006,4596642,4680812,4766423,4853117,4940710,5030652,5124560,5222342,5323827,5428667,5536423,5646676,5760197,5877684,5997739,6119932,6245539,6375097,6508349,6644959,6784161,6925331,7066055,7205780,7345940,7486091,7627316,7770593,7915172,8060896,8208941,8360225,8511728,8661546,8812245,8961489,9111900,9266288,9420826,9575247,9730638,9842880,9954312,10108539,10261206,10412740,10563757,10713849,10863543,11012421,11160438,11306801,11447569,11584996
Hungary,HUN,"Population, total",SP.POP.TOTL,9983967,10029321,10061734,10087947,10119835,10147935,10178653,10216604,10255815,10298723,10337910,10367537,10398489,10432055,10478720,10540525,10598677,10648031,10684822,10704152,10711122,10711848,10705535,10689463,10668095,10648713,10630564,10612741,10596487,10481719,10373988,10373400,10369341,10357523,10343355,10328965,10311238,10290486,10266570,10237530,10210971,10187576,10158608,10129552,10107146,10087065,10071370,10055780,10038188,10022650,10000023,9971727,9920362,9893082,9866468,9843028,9814023,9787966,9775564,9771141,9750149,9709891,9643048
Indonesia,IDN,"Population, total",SP.POP.TOTL,88382881,90816938,93345489,95962527,98675061,101157868,103561105,106260749,109138723,112149246,115228394,118347135,121504145,124709058,127945196,131213215,134521025,137861540,141250964,144693087,148177096,151686337,155228658,158790611,162331962,165791694,169135273,172421390,175694647,178949174,182159874,185361228,188558416,191737287,194928533,198140162,201373791,204628007,207855486,210996910,214072421,217112437,220115092,223080121,225938595,228805144,231797427,234858289,237936543,240981299,244016173,247099697,250222695,253275918,256229761,259091970,261850182,264498852,267066843,269582878,271857970,273753191,275501339
IDA only,IDX,"Population, total",SP.POP.TOTL,273244840,280120877,287265174,294632894,302286207,310230648,318386686,326857777,335669699,344654926,353539882,361723391,370219688,379779614,389663013,399483696,409173986,419152337,430022867,441440230,451982661,462246693,473936564,486705751,499790540,512976248,526144768,539531809,552965450,566800425,580839235,594934070,610501924,627217382,643572966,659768176,676066268,692329687,708735506,725601226,742632467,760135841,779234829,798891420,818159682,837717855,857875888,878188505,898199432,918527916,939730969,961612140,983589911,1005080882,1026805224,1049402114,1073442780,1098416162,1123983941,1150416080,1177588680,1205099007,1232406982
Isle of Man,IMN,"Population, total",SP.POP.TOTL,48793,48422,48669,49131,49597,50057,50718,51731,52910,54099,55298,56431,57419,58325,59179,59949,60701,61506,62333,63172,64022,64558,64654,64598,64500,64376,64663,65554,66636,67740,68865,69770,70307,70710,71094,71454,71981,72793,73727,74668,75562,76398,77183,77939,78677,79415,80228,81100,81997,82915,83828,84350,84338,84144,83896,83593,83450,83580,83775,83933,84046,84263,84519
India,IND,"Population, total",SP.POP.TOTL,445954579,456351876,467024193,477933619,489059309,500114346,510992617,521987069,533431909,545314670,557501301,569999178,582837973,596107483,609721951,623524219,637451448,651685628,666267760,681248383,696828385,712869298,729169466,745826546,762895156,780242084,797878993,815716125,833729681,852012673,870452165,888941756,907574049,926351297,945261958,964279129,983281218,1002335230,1021434576,1040500054,1059633675,1078970907,1098313039,1117415123,1136264583,1154638713,1172373788,1189691809,1206734806,1223640160,1240613620,1257621191,1274487215,1291132063,1307246509,1322866505,1338636340,1354195680,1369003306,1383112050,1396387127,1407563842,1417173173
Not classified,INX,"Population, total",SP.POP.TOTL,2828600,2824400,2836050,2852650,2866550,2877300,2888800,2902450,2915550,2932650,2957250,2992050,3036850,3085950,3137500,3189550,3238050,3282200,3329100,3373750,3412800,3453000,3485800,3510600,3532423,3538082,3539690,3540057,3524949,3511009,3513974,3534235,3558430,3576261,3590386,3608841,3637510,3674171,3712696,3754786,3805174,3866243,3931947,3996521,4070262,4159914,4273591,4398942,4489544,4535375,4560155,4580084,4599533,4623816,4657740,4701957,4755335,4807388,4867316,4934340,4985382,5033164,5127170
Ireland,IRL,"Population, total",SP.POP.TOTL,21388806,21983622,22605050,23259094,23948624,24667026,25398700,26133341,26875302,27643685,28449705,29273682,30111574,30981898,31895534,32856976,33841060,34876497,35993661,37205013,38520664,40476251,42500030,44027986,45628402,47266160,48913237,50541490,52111868,53644736,55793629,57990883,59372016,59755430,59985749,60794809,61598378,62480533,63461421,64474745,65544383,66674851,67327117,67954699,69061674,70182594,71275760,72319418,73318394,74322685,75373855,76342971,77324451,78458928,79961672,81790841,83306231,84505076,85617562,86564202,87290193,87923432,88550570
"Iran, Islamic Rep.",IRN,"Population, total",SP.POP.TOTL,7084678,7260714,7481832,7735824,7997655,8270544,8553883,8848502,9156132,9476737,9811347,10154928,10507315,10872139,11243146,11617622,11999342,12400190,12819707,13233830,13653369,14067260,14467682,14903737,15377032,15753856,16148221,16598019,16987346,17442590,17658381,17846378,18385673,19295818,20248073,20948858,21639332,22330770,23053488,23820734,24628858,25425663,26255343,27068823,27858948,28698684,28905607,28660887,29218381,30289040,31264875,32378061,33864447,35481800,36746488,37757813,38697943,39621162,40590700,41563520,42556984,43533592,44496122
Iraq,IRQ,"Population, total",SP.POP.TOTL,175574,179029,182378,185653,188983,192286,195570,198751,201488,203369,204438,206098,209137,212317,215209,217979,220154,221799,223537,225735,228138,230755,233860,236977,239511,241405,243180,245859,249740,252852,254826,257797,261057,263725,266021,267468,268916,271128,274047,277381,281205,284968,287523,289521,292074,296734,303782,311566,317414,318499,318041,319014,320716,323764,327386,330815,335439,343400,352721,360563,366463,372520,382003
Iceland,ISL,"Population, total",SP.POP.TOTL,2114020,2185000,2293000,2379000,2475000,2563000,2629000,2745000,2803000,2877000,2974000,3069000,3148000,3278000,3377000,3455000,3533000,3613000,3690000,3786000,3878000,3956000,4031000,4105000,4159000,4233000,4299000,4369000,4442000,4518000,4660000,4949000,5123000,5261000,5399000,5545000,5692000,5836000,5971000,6125000,6289000,6439000,6570000,6689700,6809000,6930100,7053700,7180100,7308800,7485600,7623600,7765800,7910500,8059500,8215700,8380100,8546000,8713300,8882800,9054000,9215100,9371400,9557500
Israel,ISR,"Population, total",SP.POP.TOTL,50199700,50536350,50879450,51252000,51675350,52112350,52519000,52900500,53235750,53537950,53821850,54073490,54381345,54751406,55110868,55441001,55718260,55955411,56155143,56317749,56433883,56501675,56543548,56564074,56576718,56593071,56596155,56601931,56629288,56671781,56719240,56758521,56797087,56831821,56843400,56844303,56860281,56890372,56906744,56916317,56942108,56974100,57059007,57313203,57685327,57969484,58143979,58438310,58826731,59095365,59277417,59379449,59539717,60233948,60789140,60730582,60627498,60536709,60421760,59729081,59438851,59133173,58940425
Italy,ITA,"Population, total",SP.POP.TOTL,1642331,1663754,1683761,1703868,1725181,1746977,1768803,1790580,1812209,1834615,1859091,1886143,1915299,1945320,1974880,2003094,2029486,2054927,2080485,2106937,2135546,2166657,2199606,2232782,2264095,2292030,2315871,2336245,2354805,2373365,2392030,2411867,2434574,2459062,2484182,2509372,2532894,2554954,2576567,2596271,2612205,2625405,2638244,2651027,2664024,2676863,2689660,2701221,2711373,2722401,2733896,2746169,2759817,2773129,2784543,2794445,2802695,2808376,2811835,2813773,2820436,2827695,2827377
Jamaica,JAM,"Population, total",SP.POP.TOTL,847936,891848,934615,978607,1029447,1093474,1172770,1265680,1366644,1466428,1557374,1636320,1704787,1767414,1827584,1886636,1945141,2005418,2069104,2138078,2216903,2306655,2406349,2514785,2629939,2751492,2879799,3014694,3157177,3310954,3480587,3666379,3866887,4075759,4278166,4458195,4608676,4733665,4844403,4950775,5056174,5163310,5275532,5396117,5532423,5678534,6075548,6473457,6632873,6780493,6931258,7109980,7211863,7694814,8658026,9494246,9964656,10215381,10459865,10698683,10928721,11148278,11285869
Jordan,JOR,"Population, total",SP.POP.TOTL,93216000,94055000,94933000,95900000,96903000,97952000,98851000,99879000,101011000,102219000,103403000,105697000,107188000,108707000,110162000,111573000,112775000,113872000,114913000,115890000,116807000,117661000,118480000,119307000,120083000,120837000,121482000,122069000,122578000,123069000,123478000,123964000,124425000,124829000,125178000,125472000,125757000,126057000,126400000,126631000,126843000,127149000,127445000,127718000,127761000,127773000,127854000,128001000,128063000,128047000,128070000,127833000,127629000,127445000,127276000,127141000,127076000,126972000,126811000,126633000,126261000,125681593,125124989
Japan,JPN,"Population, total",SP.POP.TOTL,9319283,9639302,9959414,10277790,10590934,10897644,11197568,11491228,11777849,12042478,12265305,12444338,12611997,12789985,12972497,13158942,13346173,13543521,13750291,13957795,14172710,14397391,14634179,14885966,15147590,15413315,15721289,16072478,16430590,16249500,16348000,16451711,16439095,16380672,16145766,15816243,15578227,15334405,15071640,14928374,14883626,14858335,14858948,14909019,15012984,15147029,15308085,15484192,15776938,16092822,16321872,16557202,16792090,17035551,17288285,17542806,17794055,18037776,18276452,18513673,18755666,19000988,19621972
Kazakhstan,KAZ,"Population, total",SP.POP.TOTL,7751435,8047470,8363578,8697200,9047387,9417207,9802605,10201068,10613877,11039551,11473087,11898457,12322903,12760405,13203949,13651908,14102268,14577346,15087423,15620613,16187124,16785962,17411491,18069461,18753176,19452161,20160879,20882094,21626122,22387803,23162269,23918235,24655723,25391830,26133744,26878347,27615736,28364264,29137373,29965129,30851606,31800343,32779823,33767122,34791836,35843010,36925253,38036793,39186895,40364444,41517895,42635144,43725806,44792368,45831863,46851488,47894670,48948137,49953304,50951450,51985780,53005614,54027487
Kenya,KEN,"Population, total",SP.POP.TOTL,2172300,2255900,2333400,2413700,2495300,2573300,2655300,2736500,2818300,2894800,2959900,3022300,3088200,3153800,3223900,3292400,3358700,3423900,3487100,3552000,3617400,3685800,3759300,3838300,3916400,3990300,4066500,4144600,4218400,4307500,4391200,4463600,4515400,4516700,4515100,4560400,4628400,4696400,4769000,4840400,4898400,4945100,4990700,5043300,5104700,5162600,5218400,5268400,5318700,5383300,5447900,5514600,5607200,5719600,5835500,5956900,6079500,6198200,6322800,6456200,6579900,6773400,6974900
Kyrgyz Republic,KGZ,"Population, total",SP.POP.TOTL,5541676,5664654,5788854,5913680,6040847,6170727,6299230,6426445,6553109,6679708,6708525,6696324,6766289,6852360,6913408,6727922,6307122,6040197,5961193,6051808,6198959,6364472,6619699,6881962,7133899,7376090,7661317,7975597,8269780,8570928,8910808,9259362,9718215,10243550,10636353,10919528,11182612,11431569,11669077,11899006,12118841,12338192,12561779,12787710,13016371,13246583,13477779,13714791,13943888,14155740,14363532,14573885,14786640,14999683,15210817,15417523,15624584,15830689,16025238,16207746,16396860,16589023,16767842
Cambodia,KHM,"Population, total",SP.POP.TOTL,47093,48275,49508,50780,52092,53444,54428,54990,55511,56324,57437,58535,59606,60598,60953,60675,60310,59894,59465,59775,60813,61875,62977,64121,65338,66708,68266,69946,71680,73436,75124,76612,77901,79093,80264,81481,82832,84308,85805,87289,88826,90531,92400,94302,96224,98164,100083,101998,103966,105996,107995,109871,111618,113311,114985,116707,118513,120362,122261,124241,126463,128874,131232
Kiribati,KIR,"Population, total",SP.POP.TOTL,56660,56247,55404,54391,53255,52016,50683,49269,47772,46135,44968,44583,44416,44242,44056,43888,43740,43603,43465,43278,43097,42953,42794,42600,42380,42144,41889,41617,41321,40992,40636,40542,40900,41447,42001,42550,43097,43656,44230,44825,45461,45986,46264,46431,46580,46725,46874,47015,47156,47286,47403,47581,47727,47767,47789,47790,47788,47785,47761,47712,47642,47606,47657
St. Kitts and Nevis,KNA,"Population, total",SP.POP.TOTL,25012374,25765673,26513030,27261747,27984155,28704674,29435571,30130983,30838302,31544266,32240827,32882704,33505406,34103149,34692266,35280725,35848523,36411795,36969185,37534236,38123775,38723248,39326352,39910403,40405956,40805744,41213674,41621690,42031247,42449038,42869283,43295704,43747962,44194628,44641540,45092991,45524681,45953580,46286503,46616677,47008111,47370164,47644736,47892330,48082519,48184561,48438292,48683638,49054708,49307835,49554112,49936638,50199853,50428893,50746659,51014947,51217803,51361911,51585058,51764822,51836239,51744876,51628117
"Korea, Rep.",KOR,"Population, total",SP.POP.TOTL,305415,339697,378190,420494,465748,513840,565463,621242,681117,743044,802786,858734,913785,970527,1030426,1095998,1168791,1247225,1329074,1412266,1493870,1573026,1652921,1736028,1813986,1888975,1968093,2048477,2129153,2210013,1674938,1339500,1620633,1653645,1641106,1655222,1703318,1761468,1819544,1877427,1934901,1991674,2047364,2101506,2153481,2235403,2363409,2506769,2650930,2795550,2943356,3143825,3394663,3646518,3761584,3908743,4048085,4124904,4317185,4441100,4360444,4250114,4268873
Kuwait,KWT,"Population, total",SP.POP.TOTL,194711112,200250715,205949399,211793513,217767514,223847681,229988384,236176636,242412816,248701446,255049279,261469430,267987160,274614064,281334755,288125444,294984501,302010242,309220692,316512545,323797061,330950954,338095672,345367369,352669319,359944435,367182475,374403954,381662610,388933687,396328556,403768603,411115420,418431327,425740147,433010808,440183193,447290040,454334962,461289769,468125382,474817217,481353718,487688819,493917791,500076606,506094784,511989821,517759389,523473668,528978305,535014773,541048298,546954103,552781789,558562792,564377885,570381211,576620516,582701622,588011178,592503434,596596955
Latin America & Caribbean (excluding high income),LAC,"Population, total",SP.POP.TOTL,2122532,2171141,2221615,2273219,2325513,2379456,2434861,2491927,2551070,2612111,2675283,2740732,2808290,2877561,2946882,3012720,3072017,3125742,3177945,3233700,3297519,3370993,3453691,3543861,3639956,3741604,3848390,3959697,4074961,4193532,4314443,4437225,4561106,4685296,4807950,4927432,5043914,5150538,5246922,5340056,5430853,5519707,5606101,5689065,5768167,5852970,5946593,6041348,6135861,6229930,6323418,6416327,6508803,6600742,6691454,6787419,6891363,6997917,7105006,7212053,7319399,7425057,7529475
Lao PDR,LAO,"Population, total",SP.POP.TOTL,1798092,1853295,1911959,1971511,2030440,2087445,2145646,2203202,2262291,2323823,2381791,2442137,2505965,2569841,2632880,2691586,3070419,3457617,3183405,2902164,2963702,3027222,3070133,3106990,3163558,3226750,3308010,3390870,3457148,3525502,3593700,3666734,3745407,3818796,3888144,3959640,4034243,4107551,4178784,4250020,4320642,4389200,4446666,4504807,4574797,4643044,4719864,4809608,4887613,4951135,4995800,5045056,5178337,5678851,6274342,6398940,6258619,6109252,5950839,5781907,5662923,5592631,5489739
Lebanon,LBN,"Population, total",SP.POP.TOTL,1137026,1165005,1194085,1224169,1255197,1287315,1320315,1354287,1389453,1425879,1463563,1501658,1540995,1582697,1626283,1671632,1718482,1768092,1820861,1875566,1932169,1989690,2047602,2109151,2174194,2239724,2305860,2372449,2439639,2507600,2209731,1939236,2052626,2132771,2125198,2142422,2203966,2383300,2639224,2789743,2895224,2981648,3060599,3085173,3122447,3266318,3455397,3632740,3783887,3905066,4019956,4181150,4331740,4427313,4519398,4612329,4706097,4796631,4889391,4985289,5087584,5193416,5302681
Liberia,LBR,"Population, total",SP.POP.TOTL,1426986,1478760,1535157,1594758,1652102,1700072,1739831,1778578,1819393,1862823,1909177,1958320,2012796,2084256,2179446,2291841,2413760,2541805,2676117,2816917,2962720,3112015,3265457,3423592,3564547,3684313,3800110,3911939,4021565,4130042,4236983,4341971,4444820,4544970,4641296,4733063,4820066,4902346,4980962,5057998,5154790,5275916,5405326,5542641,5687563,5837986,5973369,6097177,6228370,6360191,6491988,6188132,5869870,5985221,6097764,6192235,6282196,6378261,6477793,6569088,6653942,6735277,6812341
Libya,LBY,"Population, total",SP.POP.TOTL,91614,92761,93823,94887,95948,97024,98126,99257,100400,101605,103090,104781,106457,108114,109740,111497,113421,115385,117397,119463,121633,123909,126194,128440,130625,132751,134810,136780,138660,140457,142301,144268,146420,148595,150561,152348,153969,155454,156855,158256,159500,160594,161799,163047,164239,165386,166470,167518,168576,169688,170935,172145,173124,173978,174804,175623,176413,177163,177888,178583,179237,179651,179857
St. Lucia,LCA,"Population, total",SP.POP.TOTL,219142626,225304612,231638540,238127927,244742056,251458185,258225265,265030167,271885703,278797542,285779012,292852914,300036114,307345195,314759757,322249100,329807630,337531513,345450768,353452209,361451180,369321289,377189872,385189898,393227113,401251731,409259052,417266298,425320442,433393694,441597528,449847635,458008075,466139063,474258790,482331291,490304061,498199382,506010566,513714410,521281149,528688278,535935546,542976557,549897638,556739532,563424119,569972223,576386180,582738079,588873862,595510008,602139396,608642242,615046755,621390109,627668470,633797190,639628226,645295804,650534986,654980630,659310564
Latin America & Caribbean,LCN,"Population, total",SP.POP.TOTL,243968890,249896083,256085777,262462495,269088057,275967421,283013061,290332504,297960759,305753158,313449479,320446141,327754005,336115608,344768889,353326456,361742318,370439863,379992014,390056928,399246494,408153304,418471354,429841083,441553638,453409898,465218902,477192955,489163995,501471577,513968735,526535602,540619179,555923633,570870487,585613280,600451248,615302205,630487968,646252000,662018171,678096204,695718323,713914587,731736892,749852827,768211301,786317083,804637337,823699833,843512714,864134636,885375140,907133963,929398042,951928215,975265947,999288864,1023493788,1048193552,1073743450,1099568566,1125179454
Least developed countries: UN classification,LDC,"Population, total",SP.POP.TOTL,135762574,138934269,142232863,145659986,149260915,153026043,156903784,160978695,165256142,169632655,174131565,178729317,183334870,188076728,193061843,198178476,203399737,208592240,214272852,220230887,225097677,229413733,234808317,240996976,247448306,254069015,260658473,267469591,274348618,281571278,288759638,296103521,304997572,314673487,323847963,333181004,343031111,352755561,362458276,372579993,382593480,392924294,404771898,417212831,429354375,441886612,455313027,469010772,482640782,496609143,510897321,525506329,540002626,553835758,567702296,582173028,597683499,613946858,630865826,648755452,667053670,685250041,703727949
Liechtenstein,LIE,"Population, total",SP.POP.TOTL,9783871,10022888,10267067,10517531,10774086,11035224,11299721,11571008,11846815,12119207,12388769,12654651,12914457,13169737,13418276,13662873,13910170,14159052,14414816,14680387,14943645,15198918,15438753,15658442,15872577,16092338,16317995,16547139,16773736,16990575,17204094,17416596,17624457,17825611,18011744,18177572,18322506,18449123,18560798,18670411,18776371,18920275,19110707,19303180,19490431,19673866,19870706,20078655,20285643,20482477,20668557,20859743,21017147,21131756,21239457,21336697,21425494,21506813,21670000,21803000,21919000,22156000,22181000
Sri Lanka,LKA,"Population, total",SP.POP.TOTL,905832820,927621191,949925376,972872519,996352837,1020043942,1043853774,1068117815,1093114705,1118785775,1144754531,1170453002,1197065575,1225343879,1254330938,1283952858,1314446376,1345917410,1377817851,1410875210,1446429615,1484255406,1522502878,1560582055,1599194345,1638678142,1678965564,1719627844,1760619584,1802051624,1844475984,1887004231,1928297051,1968978416,2009876827,2051126886,2092206279,2133529481,2175317595,2217196774,2259879800,2303146181,2345451008,2387347922,2429871397,2471959522,2513577643,2555229019,2596637908,2638537324,2681991417,2726052485,2769675465,2813932332,2858673420,2902878488,2946639176,2990172548,3033153113,3075311775,3117225754,3157462375,3190184199
Late-demographic dividend,LTE,"Population, total",SP.POP.TOTL,2778550,2823550,2863350,2898950,2935200,2971450,3008050,3044400,3078850,3107321,3139689,3179041,3213622,3244438,3273894,3301652,3328664,3355036,3379514,3397842,3413202,3432947,3457179,3485192,3514205,3544543,3578914,3616367,3655049,3684255,3697838,3704134,3700114,3682613,3657144,3629102,3601613,3575137,3549331,3524238,3499536,3470818,3443067,3415213,3377075,3322528,3269909,3231294,3198231,3162916,3097282,3028115,2987773,2957689,2932367,2904910,2868231,2828403,2801543,2794137,2794885,2800839,2831639
Lithuania,LTU,"Population, total",SP.POP.TOTL,313970,316845,320750,324100,327750,331500,333895,334995,335850,337500,339171,342421,346600,350450,355050,358950,360731,361358,362007,362856,364150,365225,365525,365622,365998,366706,368355,370750,373450,377100,381850,387000,392175,397475,402925,408625,414225,419450,424700,430475,436300,441525,446175,451630,458095,465158,472637,479993,488650,497783,506953,518347,530946,543360,556319,569604,582014,596336,607950,620001,630419,640064,653103
